,ds,y
0,2000-01-04,7665.24169921875
1,2000-01-05,7248.08544921875
2,2000-01-06,6935.21826171875
3,2000-01-07,6778.78515625
4,2000-01-10,7091.65185546875
5,2000-01-11,7717.38623046875
6,2000-01-12,7508.80810546875
7,2000-01-13,7195.94091796875
8,2000-01-14,7508.80810546875
9,2000-01-17,7508.80810546875
10,2000-01-18,8134.5419921875
11,2000-01-19,7498.37890625
12,2000-01-20,7049.9365234375
13,2000-01-21,7300.22998046875
14,2000-01-24,7091.65185546875
15,2000-01-25,6935.21826171875
16,2000-01-26,6883.07421875
17,2000-01-27,7300.22998046875
18,2000-01-28,7091.65185546875
19,2000-01-31,7008.220703125
20,2000-02-01,6976.93408203125
21,2000-02-02,7112.509765625
22,2000-02-03,7091.65185546875
23,2000-02-04,7091.65185546875
24,2000-02-07,7164.654296875
25,2000-02-08,7143.79638671875
26,2000-02-09,6883.07421875
27,2000-02-10,6903.931640625
28,2000-02-11,6465.91796875
29,2000-02-14,5954.90185546875
30,2000-02-15,6278.19775390625
31,2000-02-16,6549.34912109375
32,2000-02-17,7529.666015625
33,2000-02-18,6778.78515625
34,2000-02-21,5767.181640625
35,2000-02-22,5350.02587890625
36,2000-02-23,5808.8974609375
37,2000-02-24,5433.45703125
38,2000-02-25,5318.73876953125
39,2000-02-28,4640.8603515625
40,2000-02-29,4661.71826171875
41,2000-03-01,4661.71826171875
42,2000-03-02,4661.71826171875
43,2000-03-03,4406.21044921875
44,2000-03-06,5063.23095703125
45,2000-03-07,5662.892578125
46,2000-03-08,5548.1748046875
47,2000-03-09,5475.17236328125
48,2000-03-10,5329.16796875
49,2000-03-13,5610.748046875
50,2000-03-14,5642.03466796875
51,2000-03-15,5391.7412109375
52,2000-03-16,5423.02783203125
53,2000-03-17,5464.74365234375
54,2000-03-20,5464.74365234375
55,2000-03-21,5318.73876953125
56,2000-03-22,5516.88818359375
57,2000-03-23,5662.892578125
58,2000-03-24,5662.892578125
59,2000-03-27,5516.88818359375
60,2000-03-28,5485.6015625
61,2000-03-29,5423.02783203125
62,2000-03-30,5214.4501953125
63,2000-03-31,5214.4501953125
64,2000-04-03,5214.4501953125
65,2000-04-04,5214.4501953125
66,2000-04-05,5214.4501953125
67,2000-04-06,5214.4501953125
68,2000-04-07,5089.30322265625
69,2000-04-10,5162.3056640625
70,2000-04-11,5157.0908203125
71,2000-04-12,5256.16552734375
72,2000-04-13,5256.16552734375
73,2000-04-14,5224.87890625
74,2000-04-17,5110.1611328125
75,2000-04-18,5308.31005859375
76,2000-04-19,5423.02783203125
77,2000-04-20,5610.748046875
78,2000-04-21,5840.18408203125
79,2000-04-24,5621.17724609375
80,2000-04-25,5694.17919921875
81,2000-04-26,5527.31689453125
82,2000-04-27,5110.1611328125
83,2000-04-28,5256.16552734375
84,2000-05-01,5256.16552734375
85,2000-05-02,5819.326171875
86,2000-05-03,6257.33984375
87,2000-05-04,6465.91796875
88,2000-05-05,6465.91796875
89,2000-05-08,6413.7734375
90,2000-05-09,6413.7734375
91,2000-05-10,6455.4892578125
92,2000-05-11,6455.4892578125
93,2000-05-12,6257.33984375
94,2000-05-15,5986.1884765625
95,2000-05-16,5861.0419921875
96,2000-05-17,5892.32861328125
97,2000-05-18,6236.482421875
98,2000-05-19,6257.33984375
99,2000-05-22,5735.89501953125
100,2000-05-23,5318.73876953125
101,2000-05-24,5423.02783203125
102,2000-05-25,6048.76220703125
103,2000-05-26,5840.18408203125
104,2000-05-29,6048.76220703125
105,2000-05-30,6048.76220703125
106,2000-05-31,6445.06005859375
107,2000-06-01,6069.61962890625
108,2000-06-02,6257.33984375
109,2000-06-05,6340.77099609375
110,2000-06-06,6340.77099609375
111,2000-06-07,6309.484375
112,2000-06-08,6309.484375
113,2000-06-09,6153.05078125
114,2000-06-12,6413.7734375
115,2000-06-13,6257.33984375
116,2000-06-14,6361.62890625
117,2000-06-15,6153.05078125
118,2000-06-16,6153.05078125
119,2000-06-19,5944.47314453125
120,2000-06-20,6257.33984375
121,2000-06-21,6507.6337890625
122,2000-06-22,6257.33984375
123,2000-06-23,6288.62646484375
124,2000-06-26,6622.3515625
125,2000-06-27,6622.3515625
126,2000-06-28,6570.20703125
127,2000-06-29,6518.0625
128,2000-06-30,6674.49609375
129,2000-07-03,6684.9248046875
130,2000-07-04,6684.9248046875
131,2000-07-05,6872.64501953125
132,2000-07-06,7154.2255859375
133,2000-07-07,7352.37451171875
134,2000-07-10,7352.37451171875
135,2000-07-11,7258.51416015625
136,2000-07-12,7362.80322265625
137,2000-07-13,7362.80322265625
138,2000-07-14,7404.51904296875
139,2000-07-17,7404.51904296875
140,2000-07-18,7404.51904296875
141,2000-07-19,7404.51904296875
142,2000-07-20,7394.09033203125
143,2000-07-21,7404.51904296875
144,2000-07-24,7102.0810546875
145,2000-07-25,7237.65673828125
146,2000-07-26,7237.65673828125
147,2000-07-27,7425.376953125
148,2000-07-28,7456.66357421875
149,2000-07-31,7508.80810546875
150,2000-08-01,7487.9501953125
151,2000-08-02,7477.521484375
152,2000-08-03,7467.09228515625
153,2000-08-04,7289.80126953125
154,2000-08-07,7185.51220703125
155,2000-08-08,7373.232421875
156,2000-08-09,7769.5302734375
157,2000-08-10,7821.6748046875
158,2000-08-11,7425.376953125
159,2000-08-14,7717.38623046875
160,2000-08-15,7717.38623046875
161,2000-08-16,7665.24169921875
162,2000-08-17,7602.66796875
163,2000-08-18,7373.232421875
164,2000-08-21,7206.3701171875
165,2000-08-22,7477.521484375
166,2000-08-23,7227.2275390625
167,2000-08-24,7195.94091796875
168,2000-08-25,7206.3701171875
169,2000-08-28,7216.798828125
170,2000-08-29,7300.22998046875
171,2000-08-30,7195.94091796875
172,2000-08-31,7039.50732421875
173,2000-09-01,7091.65185546875
174,2000-09-04,6883.07421875
175,2000-09-05,6945.6474609375
176,2000-09-06,6883.07421875
177,2000-09-07,6205.1953125
178,2000-09-08,6309.484375
179,2000-09-11,6309.484375
180,2000-09-12,6309.484375
181,2000-09-13,6309.484375
182,2000-09-14,6059.19091796875
183,2000-09-15,6653.63818359375
184,2000-09-18,7091.65185546875
185,2000-09-19,7091.65185546875
186,2000-09-20,7769.5302734375
187,2000-09-21,6987.36279296875
188,2000-09-22,6226.05322265625
189,2000-09-25,6278.19775390625
190,2000-09-26,6132.193359375
191,2000-09-27,6153.05078125
192,2000-09-28,6173.90869140625
193,2000-09-29,6361.62890625
194,2000-10-02,6111.33544921875
195,2000-10-03,6111.33544921875
196,2000-10-04,6361.62890625
197,2000-10-05,6246.9111328125
198,2000-10-06,6340.77099609375
199,2000-10-09,6090.4775390625
200,2000-10-10,6153.05078125
201,2000-10-11,6121.76416015625
202,2000-10-12,5652.4638671875
203,2000-10-13,6153.05078125
204,2000-10-16,6153.05078125
205,2000-10-17,6048.76220703125
206,2000-10-18,6090.4775390625
207,2000-10-19,5913.1865234375
208,2000-10-20,6153.05078125
209,2000-10-23,6100.90673828125
210,2000-10-24,6257.33984375
211,2000-10-25,6048.76220703125
212,2000-10-26,6090.4775390625
213,2000-10-27,6090.4775390625
214,2000-10-30,6153.05078125
215,2000-10-31,6361.62890625
216,2000-11-01,6987.36279296875
217,2000-11-02,7404.51904296875
218,2000-11-03,7341.94580078125
219,2000-11-06,6966.50537109375
220,2000-11-07,7206.3701171875
221,2000-11-08,7560.95263671875
222,2000-11-09,7560.95263671875
223,2000-11-10,7821.6748046875
224,2000-11-13,7821.6748046875
225,2000-11-14,8207.5439453125
226,2000-11-15,8217.9736328125
227,2000-11-16,8322.26171875
228,2000-11-17,8311.8330078125
229,2000-11-20,8332.69140625
230,2000-11-21,8322.26171875
231,2000-11-22,8249.259765625
232,2000-11-23,8322.26171875
233,2000-11-24,8238.8310546875
234,2000-11-27,8238.8310546875
235,2000-11-28,8311.8330078125
236,2000-11-29,7925.9638671875
237,2000-11-30,7821.6748046875
238,2000-12-01,8134.5419921875
239,2000-12-04,8019.82421875
240,2000-12-05,8134.5419921875
241,2000-12-06,8061.53955078125
242,2000-12-07,8124.11328125
243,2000-12-08,7988.53759765625
244,2000-12-11,7988.53759765625
245,2000-12-12,7498.37890625
246,2000-12-13,7602.66796875
247,2000-12-14,6997.7919921875
248,2000-12-15,7195.94091796875
249,2000-12-18,6893.5029296875
250,2000-12-19,6872.64501953125
251,2000-12-20,6288.62646484375
252,2000-12-21,6726.640625
253,2000-12-22,6830.9296875
254,2000-12-25,6830.9296875
255,2000-12-26,7404.51904296875
256,2000-12-27,7404.51904296875
257,2000-12-28,7404.51904296875
258,2000-12-29,7404.51904296875
259,2001-01-01,7404.51904296875
260,2001-01-02,7091.65185546875
261,2001-01-03,6966.50537109375
262,2001-01-04,7195.94091796875
263,2001-01-05,7195.94091796875
264,2001-01-08,7446.234375
265,2001-01-09,7821.6748046875
266,2001-01-10,7665.24169921875
267,2001-01-11,6997.7919921875
268,2001-01-12,7602.66796875
269,2001-01-15,7300.22998046875
270,2001-01-16,7268.943359375
271,2001-01-17,7425.376953125
272,2001-01-18,7456.66357421875
273,2001-01-19,7717.38623046875
274,2001-01-22,7852.9619140625
275,2001-01-23,7852.9619140625
276,2001-01-24,7852.9619140625
277,2001-01-25,7852.9619140625
278,2001-01-26,7404.51904296875
279,2001-01-29,7717.38623046875
280,2001-01-30,7717.38623046875
281,2001-01-31,7821.6748046875
282,2001-02-01,7852.9619140625
283,2001-02-02,7873.8193359375
284,2001-02-05,7717.38623046875
285,2001-02-06,7842.53271484375
286,2001-02-07,7863.390625
287,2001-02-08,7925.9638671875
288,2001-02-09,8082.3974609375
289,2001-02-12,8103.25537109375
290,2001-02-13,8259.6884765625
291,2001-02-14,8290.9755859375
292,2001-02-15,8207.5439453125
293,2001-02-16,8134.5419921875
294,2001-02-19,8124.11328125
295,2001-02-20,8322.26171875
296,2001-02-21,8343.1201171875
297,2001-02-22,8311.8330078125
298,2001-02-23,8144.970703125
299,2001-02-26,8238.8310546875
300,2001-02-27,8238.8310546875
301,2001-02-28,8238.8310546875
302,2001-03-01,8238.8310546875
303,2001-03-02,7915.53515625
304,2001-03-05,7832.10400390625
305,2001-03-06,7946.82177734375
306,2001-03-07,7957.25048828125
307,2001-03-08,8343.1201171875
308,2001-03-09,7915.53515625
309,2001-03-12,7779.95947265625
310,2001-03-13,7508.80810546875
311,2001-03-14,7508.80810546875
312,2001-03-15,8061.53955078125
313,2001-03-16,8061.53955078125
314,2001-03-19,8061.53955078125
315,2001-03-20,8134.5419921875
316,2001-03-21,8290.9755859375
317,2001-03-22,8238.8310546875
318,2001-03-23,8270.1181640625
319,2001-03-26,7905.10595703125
320,2001-03-27,7790.38818359375
321,2001-03-28,7800.8173828125
322,2001-03-29,7613.09716796875
323,2001-03-30,7613.09716796875
324,2001-04-02,7905.10595703125
325,2001-04-03,8124.11328125
326,2001-04-04,8030.2529296875
327,2001-04-05,8030.2529296875
328,2001-04-06,7633.95458984375
329,2001-04-09,7623.52587890625
330,2001-04-10,7425.376953125
331,2001-04-11,7404.51904296875
332,2001-04-12,7143.79638671875
333,2001-04-13,6930.0
334,2001-04-16,6940.0
335,2001-04-17,7000.0
336,2001-04-18,7400.0
337,2001-04-19,7400.0
338,2001-04-20,7700.0
339,2001-04-23,7660.0
340,2001-04-24,7660.0
341,2001-04-25,7870.0
342,2001-04-26,7870.0
343,2001-04-27,7520.0
344,2001-04-30,7820.0
345,2001-05-01,7820.0
346,2001-05-02,8700.0
347,2001-05-03,9350.0
348,2001-05-04,9350.0
349,2001-05-07,9230.0
350,2001-05-08,9230.0
351,2001-05-09,9400.0
352,2001-05-10,9600.0
353,2001-05-11,9700.0
354,2001-05-14,9540.0
355,2001-05-15,9890.0
356,2001-05-16,9300.0
357,2001-05-17,9500.0
358,2001-05-18,10300.0
359,2001-05-21,11150.0
360,2001-05-22,10900.0
361,2001-05-23,10650.0
362,2001-05-24,10850.0
363,2001-05-25,10700.0
364,2001-05-28,10150.0
365,2001-05-29,10800.0
366,2001-05-30,10550.0
367,2001-05-31,10150.0
368,2001-06-01,10250.0
369,2001-06-04,10200.0
370,2001-06-05,9950.0
371,2001-06-06,9950.0
372,2001-06-07,10000.0
373,2001-06-08,10400.0
374,2001-06-11,9950.0
375,2001-06-12,9930.0
376,2001-06-13,9840.0
377,2001-06-14,9800.0
378,2001-06-15,9900.0
379,2001-06-18,9700.0
380,2001-06-19,10350.0
381,2001-06-20,10000.0
382,2001-06-21,10200.0
383,2001-06-22,10550.0
384,2001-06-25,10600.0
385,2001-06-26,10450.0
386,2001-06-27,10250.0
387,2001-06-28,10400.0
388,2001-06-29,10900.0
389,2001-07-02,11200.0
390,2001-07-03,10950.0
391,2001-07-04,10900.0
392,2001-07-05,11000.0
393,2001-07-06,10550.0
394,2001-07-09,10150.0
395,2001-07-10,10100.0
396,2001-07-11,10050.0
397,2001-07-12,9940.0
398,2001-07-13,9710.0
399,2001-07-16,9200.0
400,2001-07-17,9200.0
401,2001-07-18,8650.0
402,2001-07-19,8350.0
403,2001-07-20,8580.0
404,2001-07-23,8100.0
405,2001-07-24,8000.0
406,2001-07-25,8450.0
407,2001-07-26,8660.0
408,2001-07-27,8680.0
409,2001-07-30,8450.0
410,2001-07-31,8660.0
411,2001-08-01,8850.0
412,2001-08-02,9280.0
413,2001-08-03,9580.0
414,2001-08-06,9190.0
415,2001-08-07,8710.0
416,2001-08-08,8790.0
417,2001-08-09,8360.0
418,2001-08-10,8340.0
419,2001-08-13,8350.0
420,2001-08-14,8540.0
421,2001-08-15,8540.0
422,2001-08-16,8560.0
423,2001-08-17,8570.0
424,2001-08-20,8480.0
425,2001-08-21,8600.0
426,2001-08-22,8600.0
427,2001-08-23,8600.0
428,2001-08-24,8500.0
429,2001-08-27,8800.0
430,2001-08-28,8930.0
431,2001-08-29,8800.0
432,2001-08-30,8700.0
433,2001-08-31,8520.0
434,2001-09-03,8450.0
435,2001-09-04,8700.0
436,2001-09-05,8760.0
437,2001-09-06,8760.0
438,2001-09-07,8790.0
439,2001-09-10,8670.0
440,2001-09-11,8750.0
441,2001-09-12,7440.0
442,2001-09-13,7500.0
443,2001-09-14,6400.0
444,2001-09-17,6200.0
445,2001-09-18,6700.0
446,2001-09-19,6910.0
447,2001-09-20,6560.0
448,2001-09-21,6300.0
449,2001-09-24,6300.0
450,2001-09-25,6560.0
451,2001-09-26,6750.0
452,2001-09-27,6940.0
453,2001-09-28,6940.0
454,2001-10-01,6940.0
455,2001-10-02,6940.0
456,2001-10-03,6940.0
457,2001-10-04,8150.0
458,2001-10-05,8450.0
459,2001-10-08,8050.0
460,2001-10-09,8140.0
461,2001-10-10,8220.0
462,2001-10-11,8380.0
463,2001-10-12,8380.0
464,2001-10-15,8380.0
465,2001-10-16,8400.0
466,2001-10-17,8410.0
467,2001-10-18,8450.0
468,2001-10-19,8450.0
469,2001-10-22,8450.0
470,2001-10-23,8680.0
471,2001-10-24,8680.0
472,2001-10-25,8680.0
473,2001-10-26,8680.0
474,2001-10-29,8690.0
475,2001-10-30,8610.0
476,2001-10-31,8390.0
477,2001-11-01,8250.0
478,2001-11-02,8070.0
479,2001-11-05,9200.0
480,2001-11-06,8990.0
481,2001-11-07,8700.0
482,2001-11-08,9110.0
483,2001-11-09,9110.0
484,2001-11-12,9100.0
485,2001-11-13,9500.0
486,2001-11-14,9600.0
487,2001-11-15,9770.0
488,2001-11-16,9820.0
489,2001-11-19,10200.0
490,2001-11-20,9730.0
491,2001-11-21,9500.0
492,2001-11-22,9610.0
493,2001-11-23,9890.0
494,2001-11-26,9920.0
495,2001-11-27,10050.0
496,2001-11-28,9120.0
497,2001-11-29,9200.0
498,2001-11-30,9270.0
499,2001-12-03,9280.0
500,2001-12-04,9130.0
501,2001-12-05,9690.0
502,2001-12-06,9350.0
503,2001-12-07,9740.0
504,2001-12-10,9710.0
505,2001-12-11,9620.0
506,2001-12-12,9450.0
507,2001-12-13,9210.0
508,2001-12-14,9050.0
509,2001-12-17,8740.0
510,2001-12-18,8500.0
511,2001-12-19,8620.0
512,2001-12-20,8850.0
513,2001-12-21,8300.0
514,2001-12-24,8190.0
515,2001-12-25,8190.0
516,2001-12-26,8300.0
517,2001-12-27,8440.0
518,2001-12-28,8860.0
519,2001-12-31,8860.0
520,2002-01-01,8860.0
521,2002-01-02,9200.0
522,2002-01-03,9200.0
523,2002-01-04,9210.0
524,2002-01-07,9100.0
525,2002-01-08,8950.0
526,2002-01-09,9220.0
527,2002-01-10,8640.0
528,2002-01-11,8980.0
529,2002-01-14,8940.0
530,2002-01-15,9030.0
531,2002-01-16,8820.0
532,2002-01-17,8800.0
533,2002-01-18,8470.0
534,2002-01-21,8640.0
535,2002-01-22,8650.0
536,2002-01-23,8790.0
537,2002-01-24,9300.0
538,2002-01-25,9350.0
539,2002-01-28,10150.0
540,2002-01-29,10200.0
541,2002-01-30,9550.0
542,2002-01-31,9550.0
543,2002-02-01,9410.0
544,2002-02-04,9480.0
545,2002-02-05,9300.0
546,2002-02-06,9800.0
547,2002-02-07,9640.0
548,2002-02-08,9610.0
549,2002-02-11,9610.0
550,2002-02-12,9610.0
551,2002-02-13,9610.0
552,2002-02-14,10200.0
553,2002-02-15,10100.0
554,2002-02-18,10800.0
555,2002-02-19,11200.0
556,2002-02-20,11300.0
557,2002-02-21,11350.0
558,2002-02-22,11250.0
559,2002-02-25,11550.0
560,2002-02-26,11550.0
561,2002-02-27,11650.0
562,2002-02-28,11450.0
563,2002-03-01,11450.0
564,2002-03-04,11800.0
565,2002-03-05,11800.0
566,2002-03-06,11700.0
567,2002-03-07,11200.0
568,2002-03-08,11800.0
569,2002-03-11,11950.0
570,2002-03-12,12200.0
571,2002-03-13,12950.0
572,2002-03-14,13450.0
573,2002-03-15,14150.0
574,2002-03-18,14200.0
575,2002-03-19,14000.0
576,2002-03-20,13450.0
577,2002-03-21,13850.0
578,2002-03-22,14400.0
579,2002-03-25,13700.0
580,2002-03-26,13850.0
581,2002-03-27,14000.0
582,2002-03-28,13900.0
583,2002-03-29,14050.0
584,2002-04-01,13650.0
585,2002-04-02,13900.0
586,2002-04-03,14400.0
587,2002-04-04,14850.0
588,2002-04-05,14850.0
589,2002-04-08,14850.0
590,2002-04-09,14400.0
591,2002-04-10,13550.0
592,2002-04-11,13600.0
593,2002-04-12,13450.0
594,2002-04-15,13800.0
595,2002-04-16,14500.0
596,2002-04-17,14950.0
597,2002-04-18,15200.0
598,2002-04-19,15150.0
599,2002-04-22,14950.0
600,2002-04-23,15250.0
601,2002-04-24,14450.0
602,2002-04-25,13900.0
603,2002-04-26,14300.0
604,2002-04-29,13450.0
605,2002-04-30,13350.0
606,2002-05-01,13350.0
607,2002-05-02,14200.0
608,2002-05-03,15050.0
609,2002-05-06,14400.0
610,2002-05-07,14700.0
611,2002-05-08,14250.0
612,2002-05-09,13950.0
613,2002-05-10,13650.0
614,2002-05-13,13450.0
615,2002-05-14,14000.0
616,2002-05-15,14400.0
617,2002-05-16,14150.0
618,2002-05-17,14250.0
619,2002-05-20,13750.0
620,2002-05-21,13300.0
621,2002-05-22,13400.0
622,2002-05-23,13250.0
623,2002-05-24,13050.0
624,2002-05-27,12600.0
625,2002-05-28,12500.0
626,2002-05-29,12000.0
627,2002-05-30,11750.0
628,2002-05-31,11800.0
629,2002-06-03,12100.0
630,2002-06-04,12300.0
631,2002-06-05,12650.0
632,2002-06-06,12650.0
633,2002-06-07,12700.0
634,2002-06-10,12500.0
635,2002-06-11,12200.0
636,2002-06-12,12250.0
637,2002-06-13,12250.0
638,2002-06-14,12100.0
639,2002-06-17,11500.0
640,2002-06-18,11750.0
641,2002-06-19,10850.0
642,2002-06-20,10800.0
643,2002-06-21,10400.0
644,2002-06-24,10000.0
645,2002-06-25,10200.0
646,2002-06-26,10150.0
647,2002-06-27,10800.0
648,2002-06-28,11000.0
649,2002-07-01,11000.0
650,2002-07-02,10900.0
651,2002-07-03,11500.0
652,2002-07-04,12000.0
653,2002-07-05,12500.0
654,2002-07-08,11900.0
655,2002-07-09,12100.0
656,2002-07-10,12100.0
657,2002-07-11,11100.0
658,2002-07-12,11550.0
659,2002-07-15,11100.0
660,2002-07-16,10750.0
661,2002-07-17,10750.0
662,2002-07-18,10750.0
663,2002-07-19,10800.0
664,2002-07-22,10050.0
665,2002-07-23,10900.0
666,2002-07-24,10600.0
667,2002-07-25,10400.0
668,2002-07-26,10150.0
669,2002-07-29,10150.0
670,2002-07-30,10800.0
671,2002-07-31,10550.0
672,2002-08-01,10300.0
673,2002-08-02,10500.0
674,2002-08-05,10100.0
675,2002-08-06,10200.0
676,2002-08-07,10300.0
677,2002-08-08,10100.0
678,2002-08-09,10150.0
679,2002-08-12,10050.0
680,2002-08-13,10200.0
681,2002-08-14,10200.0
682,2002-08-15,10200.0
683,2002-08-16,10550.0
684,2002-08-19,10450.0
685,2002-08-20,10750.0
686,2002-08-21,10700.0
687,2002-08-22,10500.0
688,2002-08-23,10500.0
689,2002-08-26,10400.0
690,2002-08-27,10150.0
691,2002-08-28,10250.0
692,2002-08-29,10100.0
693,2002-08-30,10000.0
694,2002-09-02,10300.0
695,2002-09-03,10300.0
696,2002-09-04,10050.0
697,2002-09-05,9850.0
698,2002-09-06,9700.0
699,2002-09-09,9270.0
700,2002-09-10,9270.0
701,2002-09-11,9620.0
702,2002-09-12,10000.0
703,2002-09-13,9570.0
704,2002-09-16,9430.0
705,2002-09-17,9840.0
706,2002-09-18,9500.0
707,2002-09-19,9350.0
708,2002-09-20,9350.0
709,2002-09-23,9230.0
710,2002-09-24,9270.0
711,2002-09-25,8750.0
712,2002-09-26,8400.0
713,2002-09-27,8180.0
714,2002-09-30,7830.0
715,2002-10-01,7800.0
716,2002-10-02,7700.0
717,2002-10-03,7700.0
718,2002-10-04,7870.0
719,2002-10-07,7450.0
720,2002-10-08,7630.0
721,2002-10-09,7590.0
722,2002-10-10,7170.0
723,2002-10-11,7200.0
724,2002-10-14,7590.0
725,2002-10-15,7950.0
726,2002-10-16,8500.0
727,2002-10-17,9000.0
728,2002-10-18,9400.0
729,2002-10-21,8880.0
730,2002-10-22,8500.0
731,2002-10-23,8900.0
732,2002-10-24,8730.0
733,2002-10-25,8770.0
734,2002-10-28,9000.0
735,2002-10-29,9050.0
736,2002-10-30,9100.0
737,2002-10-31,8790.0
738,2002-11-01,8800.0
739,2002-11-04,8900.0
740,2002-11-05,8600.0
741,2002-11-06,9220.0
742,2002-11-07,9070.0
743,2002-11-08,8770.0
744,2002-11-11,8390.0
745,2002-11-12,8180.0
746,2002-11-13,8110.0
747,2002-11-14,8200.0
748,2002-11-15,8400.0
749,2002-11-18,8120.0
750,2002-11-19,8470.0
751,2002-11-20,8400.0
752,2002-11-21,8850.0
753,2002-11-22,9010.0
754,2002-11-25,9300.0
755,2002-11-26,9070.0
756,2002-11-27,9200.0
757,2002-11-28,9000.0
758,2002-11-29,9100.0
759,2002-12-02,9100.0
760,2002-12-03,9990.0
761,2002-12-04,9600.0
762,2002-12-05,10050.0
763,2002-12-06,9780.0
764,2002-12-09,9890.0
765,2002-12-10,9610.0
766,2002-12-11,9600.0
767,2002-12-12,10200.0
768,2002-12-13,10050.0
769,2002-12-16,9940.0
770,2002-12-17,10050.0
771,2002-12-18,10100.0
772,2002-12-19,10100.0
773,2002-12-20,10600.0
774,2002-12-23,10300.0
775,2002-12-24,9810.0
776,2002-12-25,9810.0
777,2002-12-26,9600.0
778,2002-12-27,9510.0
779,2002-12-30,8800.0
780,2002-12-31,8800.0
781,2003-01-01,8800.0
782,2003-01-02,9190.0
783,2003-01-03,9550.0
784,2003-01-06,9700.0
785,2003-01-07,9420.0
786,2003-01-08,9520.0
787,2003-01-09,8940.0
788,2003-01-10,8470.0
789,2003-01-13,8650.0
790,2003-01-14,8540.0
791,2003-01-15,8710.0
792,2003-01-16,8470.0
793,2003-01-17,8320.0
794,2003-01-20,8140.0
795,2003-01-21,8010.0
796,2003-01-22,7700.0
797,2003-01-23,7700.0
798,2003-01-24,7930.0
799,2003-01-27,7700.0
800,2003-01-28,7800.0
801,2003-01-29,7600.0
802,2003-01-30,7800.0
803,2003-01-31,7800.0
804,2003-02-03,8190.0
805,2003-02-04,8300.0
806,2003-02-05,8060.0
807,2003-02-06,7920.0
808,2003-02-07,7800.0
809,2003-02-10,7760.0
810,2003-02-11,7940.0
811,2003-02-12,8140.0
812,2003-02-13,7920.0
813,2003-02-14,7800.0
814,2003-02-17,8080.0
815,2003-02-18,8110.0
816,2003-02-19,7910.0
817,2003-02-20,7770.0
818,2003-02-21,7910.0
819,2003-02-24,8030.0
820,2003-02-25,7800.0
821,2003-02-26,7760.0
822,2003-02-27,7660.0
823,2003-02-28,7550.0
824,2003-03-03,7690.0
825,2003-03-04,7570.0
826,2003-03-05,7050.0
827,2003-03-06,7050.0
828,2003-03-07,6850.0
829,2003-03-10,6850.0
830,2003-03-11,6830.0
831,2003-03-12,6660.0
832,2003-03-13,6750.0
833,2003-03-14,6950.0
834,2003-03-17,6420.0
835,2003-03-18,7010.0
836,2003-03-19,7030.0
837,2003-03-20,7500.0
838,2003-03-21,7750.0
839,2003-03-24,7500.0
840,2003-03-25,7120.0
841,2003-03-26,7130.0
842,2003-03-27,7220.0
843,2003-03-28,7370.0
844,2003-03-31,7090.0
845,2003-04-01,7060.0
846,2003-04-02,7160.0
847,2003-04-03,7170.0
848,2003-04-04,7500.0
849,2003-04-07,7850.0
850,2003-04-08,7780.0
851,2003-04-09,7610.0
852,2003-04-10,7970.0
853,2003-04-11,8060.0
854,2003-04-14,8280.0
855,2003-04-15,8530.0
856,2003-04-16,8700.0
857,2003-04-17,8720.0
858,2003-04-18,9000.0
859,2003-04-21,8800.0
860,2003-04-22,8500.0
861,2003-04-23,8590.0
862,2003-04-24,8440.0
863,2003-04-25,7890.0
864,2003-04-28,7930.0
865,2003-04-29,8400.0
866,2003-04-30,8450.0
867,2003-05-01,8450.0
868,2003-05-02,8450.0
869,2003-05-05,8450.0
870,2003-05-06,8450.0
871,2003-05-07,8480.0
872,2003-05-08,8480.0
873,2003-05-09,8440.0
874,2003-05-12,9000.0
875,2003-05-13,8870.0
876,2003-05-14,8800.0
877,2003-05-15,8920.0
878,2003-05-16,8690.0
879,2003-05-19,8280.0
880,2003-05-20,8460.0
881,2003-05-21,8480.0
882,2003-05-22,8480.0
883,2003-05-23,8650.0
884,2003-05-26,8810.0
885,2003-05-27,8840.0
886,2003-05-28,8900.0
887,2003-05-29,8890.0
888,2003-05-30,8880.0
889,2003-06-02,9030.0
890,2003-06-03,8950.0
891,2003-06-04,8980.0
892,2003-06-05,8980.0
893,2003-06-06,8980.0
894,2003-06-09,9080.0
895,2003-06-10,8860.0
896,2003-06-11,8860.0
897,2003-06-12,8860.0
898,2003-06-13,8630.0
899,2003-06-16,8600.0
900,2003-06-17,8770.0
901,2003-06-18,8780.0
902,2003-06-19,8950.0
903,2003-06-20,9300.0
904,2003-06-23,9100.0
905,2003-06-24,8880.0
906,2003-06-25,8880.0
907,2003-06-26,8900.0
908,2003-06-27,9100.0
909,2003-06-30,8800.0
910,2003-07-01,8940.0
911,2003-07-02,9450.0
912,2003-07-03,9180.0
913,2003-07-04,9600.0
914,2003-07-07,9670.0
915,2003-07-08,9400.0
916,2003-07-09,9260.0
917,2003-07-10,9190.0
918,2003-07-11,9400.0
919,2003-07-14,9510.0
920,2003-07-15,9450.0
921,2003-07-16,9130.0
922,2003-07-17,9130.0
923,2003-07-18,9000.0
924,2003-07-21,8700.0
925,2003-07-22,8750.0
926,2003-07-23,8720.0
927,2003-07-24,8610.0
928,2003-07-25,8600.0
929,2003-07-28,8860.0
930,2003-07-29,8990.0
931,2003-07-30,9090.0
932,2003-07-31,9030.0
933,2003-08-01,9130.0
934,2003-08-04,8940.0
935,2003-08-05,8960.0
936,2003-08-06,8690.0
937,2003-08-07,8540.0
938,2003-08-08,8490.0
939,2003-08-11,8470.0
940,2003-08-12,8470.0
941,2003-08-13,8510.0
942,2003-08-14,8600.0
943,2003-08-15,8600.0
944,2003-08-18,8720.0
945,2003-08-19,8800.0
946,2003-08-20,8700.0
947,2003-08-21,9280.0
948,2003-08-22,9160.0
949,2003-08-25,9190.0
950,2003-08-26,9230.0
951,2003-08-27,9110.0
952,2003-08-28,8960.0
953,2003-08-29,9130.0
954,2003-09-01,9040.0
955,2003-09-02,9160.0
956,2003-09-03,9280.0
957,2003-09-04,9100.0
958,2003-09-05,9170.0
959,2003-09-08,9100.0
960,2003-09-09,9040.0
961,2003-09-10,9040.0
962,2003-09-11,9040.0
963,2003-09-12,9040.0
964,2003-09-15,8980.0
965,2003-09-16,8920.0
966,2003-09-17,8900.0
967,2003-09-18,8750.0
968,2003-09-19,8750.0
969,2003-09-22,8050.0
970,2003-09-23,8300.0
971,2003-09-24,8350.0
972,2003-09-25,8170.0
973,2003-09-26,8000.0
974,2003-09-29,8040.0
975,2003-09-30,8000.0
976,2003-10-01,8000.0
977,2003-10-02,8000.0
978,2003-10-03,8000.0
979,2003-10-06,8000.0
980,2003-10-07,8040.0
981,2003-10-08,7910.0
982,2003-10-09,8150.0
983,2003-10-10,8250.0
984,2003-10-13,8080.0
985,2003-10-14,8290.0
986,2003-10-15,8160.0
987,2003-10-16,8300.0
988,2003-10-17,8290.0
989,2003-10-20,8260.0
990,2003-10-21,8390.0
991,2003-10-22,8690.0
992,2003-10-23,8240.0
993,2003-10-24,8200.0
994,2003-10-27,8410.0
995,2003-10-28,8650.0
996,2003-10-29,8370.0
997,2003-10-30,8440.0
998,2003-10-31,8300.0
999,2003-11-03,8710.0
1000,2003-11-04,8890.0
1001,2003-11-05,9590.0
1002,2003-11-06,9500.0
1003,2003-11-07,9370.0
1004,2003-11-10,9200.0
1005,2003-11-11,9360.0
1006,2003-11-12,9590.0
1007,2003-11-13,9940.0
1008,2003-11-14,9940.0
1009,2003-11-17,9650.0
1010,2003-11-18,9780.0
1011,2003-11-19,9200.0
1012,2003-11-20,9400.0
1013,2003-11-21,9700.0
1014,2003-11-24,9750.0
1015,2003-11-25,9880.0
1016,2003-11-26,10150.0
1017,2003-11-27,10600.0
1018,2003-11-28,10500.0
1019,2003-12-01,10750.0
1020,2003-12-02,10700.0
1021,2003-12-03,10700.0
1022,2003-12-04,10700.0
1023,2003-12-05,10850.0
1024,2003-12-08,11250.0
1025,2003-12-09,10800.0
1026,2003-12-10,11100.0
1027,2003-12-11,10900.0
1028,2003-12-12,11000.0
1029,2003-12-15,10950.0
1030,2003-12-16,10850.0
1031,2003-12-17,10650.0
1032,2003-12-18,11000.0
1033,2003-12-19,10850.0
1034,2003-12-22,10700.0
1035,2003-12-23,10750.0
1036,2003-12-24,10350.0
1037,2003-12-25,10350.0
1038,2003-12-26,10400.0
1039,2003-12-29,10750.0
1040,2003-12-30,10900.0
1041,2003-12-31,10900.0
1042,2004-01-01,10900.0
1043,2004-01-02,11400.0
1044,2004-01-05,11850.0
1045,2004-01-06,11850.0
1046,2004-01-07,11550.0
1047,2004-01-08,11900.0
1048,2004-01-09,11800.0
1049,2004-01-12,11750.0
1050,2004-01-13,11600.0
1051,2004-01-14,12200.0
1052,2004-01-15,12250.0
1053,2004-01-16,12100.0
1054,2004-01-19,11850.0
1055,2004-01-20,11950.0
1056,2004-01-21,11950.0
1057,2004-01-22,11950.0
1058,2004-01-23,11950.0
1059,2004-01-26,11800.0
1060,2004-01-27,11650.0
1061,2004-01-28,11600.0
1062,2004-01-29,11500.0
1063,2004-01-30,10950.0
1064,2004-02-02,10600.0
1065,2004-02-03,10000.0
1066,2004-02-04,10250.0
1067,2004-02-05,10450.0
1068,2004-02-06,10850.0
1069,2004-02-09,10950.0
1070,2004-02-10,10850.0
1071,2004-02-11,10750.0
1072,2004-02-12,10550.0
1073,2004-02-13,10350.0
1074,2004-02-16,10350.0
1075,2004-02-17,10550.0
1076,2004-02-18,10400.0
1077,2004-02-19,10950.0
1078,2004-02-20,10850.0
1079,2004-02-23,10800.0
1080,2004-02-24,10500.0
1081,2004-02-25,10700.0
1082,2004-02-26,10650.0
1083,2004-02-27,10900.0
1084,2004-03-01,10900.0
1085,2004-03-02,11350.0
1086,2004-03-03,11400.0
1087,2004-03-04,11750.0
1088,2004-03-05,11750.0
1089,2004-03-08,11550.0
1090,2004-03-09,11550.0
1091,2004-03-10,11650.0
1092,2004-03-11,11200.0
1093,2004-03-12,10700.0
1094,2004-03-15,10500.0
1095,2004-03-16,10900.0
1096,2004-03-17,11400.0
1097,2004-03-18,11450.0
1098,2004-03-19,11500.0
1099,2004-03-22,11600.0
1100,2004-03-23,11600.0
1101,2004-03-24,11900.0
1102,2004-03-25,11750.0
1103,2004-03-26,11850.0
1104,2004-03-29,12250.0
1105,2004-03-30,11950.0
1106,2004-03-31,11800.0
1107,2004-04-01,11850.0
1108,2004-04-02,11700.0
1109,2004-04-05,11700.0
1110,2004-04-06,11950.0
1111,2004-04-07,12300.0
1112,2004-04-08,12350.0
1113,2004-04-09,11850.0
1114,2004-04-12,11750.0
1115,2004-04-13,11500.0
1116,2004-04-14,11750.0
1117,2004-04-15,11750.0
1118,2004-04-16,11700.0
1119,2004-04-19,12000.0
1120,2004-04-20,12150.0
1121,2004-04-21,11950.0
1122,2004-04-22,11700.0
1123,2004-04-23,11750.0
1124,2004-04-26,11250.0
1125,2004-04-27,11500.0
1126,2004-04-28,11550.0
1127,2004-04-29,11300.0
1128,2004-04-30,10900.0
1129,2004-05-03,10900.0
1130,2004-05-04,11000.0
1131,2004-05-05,11000.0
1132,2004-05-06,11000.0
1133,2004-05-07,11200.0
1134,2004-05-10,10450.0
1135,2004-05-11,10150.0
1136,2004-05-12,10800.0
1137,2004-05-13,10500.0
1138,2004-05-14,10200.0
1139,2004-05-17,10100.0
1140,2004-05-18,9840.0
1141,2004-05-19,10000.0
1142,2004-05-20,9900.0
1143,2004-05-21,9970.0
1144,2004-05-24,9800.0
1145,2004-05-25,9400.0
1146,2004-05-26,9400.0
1147,2004-05-27,9890.0
1148,2004-05-28,9970.0
1149,2004-05-31,9530.0
1150,2004-06-01,9630.0
1151,2004-06-02,9390.0
1152,2004-06-03,8880.0
1153,2004-06-04,9150.0
1154,2004-06-07,10200.0
1155,2004-06-08,9960.0
1156,2004-06-09,9850.0
1157,2004-06-10,9770.0
1158,2004-06-11,9500.0
1159,2004-06-14,9510.0
1160,2004-06-15,9780.0
1161,2004-06-16,9700.0
1162,2004-06-17,9840.0
1163,2004-06-18,9330.0
1164,2004-06-21,9330.0
1165,2004-06-22,9340.0
1166,2004-06-23,9000.0
1167,2004-06-24,9210.0
1168,2004-06-25,9610.0
1169,2004-06-28,9490.0
1170,2004-06-29,9490.0
1171,2004-06-30,9870.0
1172,2004-07-01,9730.0
1173,2004-07-02,9390.0
1174,2004-07-05,9290.0
1175,2004-07-06,9200.0
1176,2004-07-07,9050.0
1177,2004-07-08,8730.0
1178,2004-07-09,8740.0
1179,2004-07-12,8790.0
1180,2004-07-13,9050.0
1181,2004-07-14,9210.0
1182,2004-07-15,9230.0
1183,2004-07-16,9250.0
1184,2004-07-19,9330.0
1185,2004-07-20,9250.0
1186,2004-07-21,9290.0
1187,2004-07-22,9140.0
1188,2004-07-23,9090.0
1189,2004-07-26,9100.0
1190,2004-07-27,9070.0
1191,2004-07-28,9150.0
1192,2004-07-29,8990.0
1193,2004-07-30,9100.0
1194,2004-08-02,8990.0
1195,2004-08-03,8880.0
1196,2004-08-04,8730.0
1197,2004-08-05,8800.0
1198,2004-08-06,8600.0
1199,2004-08-09,8890.0
1200,2004-08-10,9090.0
1201,2004-08-11,9060.0
1202,2004-08-12,9500.0
1203,2004-08-13,9680.0
1204,2004-08-16,9630.0
1205,2004-08-17,9360.0
1206,2004-08-18,9270.0
1207,2004-08-19,9550.0
1208,2004-08-20,9760.0
1209,2004-08-23,9800.0
1210,2004-08-24,9840.0
1211,2004-08-25,9930.0
1212,2004-08-26,9990.0
1213,2004-08-27,10300.0
1214,2004-08-30,10250.0
1215,2004-08-31,10100.0
1216,2004-09-01,10500.0
1217,2004-09-02,10600.0
1218,2004-09-03,10700.0
1219,2004-09-06,10650.0
1220,2004-09-07,10600.0
1221,2004-09-08,10650.0
1222,2004-09-09,10800.0
1223,2004-09-10,10750.0
1224,2004-09-13,11200.0
1225,2004-09-14,10950.0
1226,2004-09-15,11350.0
1227,2004-09-16,11100.0
1228,2004-09-17,11000.0
1229,2004-09-20,11000.0
1230,2004-09-21,10850.0
1231,2004-09-22,10200.0
1232,2004-09-23,10450.0
1233,2004-09-24,10700.0
1234,2004-09-27,10700.0
1235,2004-09-28,10700.0
1236,2004-09-29,10700.0
1237,2004-09-30,10600.0
1238,2004-10-01,10900.0
1239,2004-10-04,11500.0
1240,2004-10-05,11550.0
1241,2004-10-06,11300.0
1242,2004-10-07,11300.0
1243,2004-10-08,11200.0
1244,2004-10-11,11550.0
1245,2004-10-12,10850.0
1246,2004-10-13,10650.0
1247,2004-10-14,10750.0
1248,2004-10-15,10350.0
1249,2004-10-18,10250.0
1250,2004-10-19,10550.0
1251,2004-10-20,10550.0
1252,2004-10-21,10800.0
1253,2004-10-22,10550.0
1254,2004-10-25,10100.0
1255,2004-10-26,10150.0
1256,2004-10-27,10050.0
1257,2004-10-28,10150.0
1258,2004-10-29,10500.0
1259,2004-11-01,10400.0
1260,2004-11-02,10950.0
1261,2004-11-03,11100.0
1262,2004-11-04,11100.0
1263,2004-11-05,11300.0
1264,2004-11-08,11150.0
1265,2004-11-09,10900.0
1266,2004-11-10,11000.0
1267,2004-11-11,11050.0
1268,2004-11-12,11150.0
1269,2004-11-15,10800.0
1270,2004-11-16,10750.0
1271,2004-11-17,10950.0
1272,2004-11-18,10700.0
1273,2004-11-19,10500.0
1274,2004-11-22,10100.0
1275,2004-11-23,10100.0
1276,2004-11-24,10150.0
1277,2004-11-25,10200.0
1278,2004-11-26,10050.0
1279,2004-11-29,10000.0
1280,2004-11-30,9990.0
1281,2004-12-01,9800.0
1282,2004-12-02,9850.0
1283,2004-12-03,10150.0
1284,2004-12-06,10050.0
1285,2004-12-07,9950.0
1286,2004-12-08,10150.0
1287,2004-12-09,9790.0
1288,2004-12-10,9910.0
1289,2004-12-13,10100.0
1290,2004-12-14,9940.0
1291,2004-12-15,10100.0
1292,2004-12-16,10250.0
1293,2004-12-17,10050.0
1294,2004-12-20,10050.0
1295,2004-12-21,10150.0
1296,2004-12-22,10400.0
1297,2004-12-23,10500.0
1298,2004-12-24,10700.0
1299,2004-12-27,10700.0
1300,2004-12-28,10950.0
1301,2004-12-29,10900.0
1302,2004-12-30,10900.0
1303,2004-12-31,10900.0
1304,2005-01-04,10600.0
1305,2005-01-05,10550.0
1306,2005-01-06,10500.0
1307,2005-01-07,10650.0
1308,2005-01-10,10950.0
1309,2005-01-11,11000.0
1310,2005-01-12,11000.0
1311,2005-01-13,11100.0
1312,2005-01-14,11300.0
1313,2005-01-17,11200.0
1314,2005-01-18,11050.0
1315,2005-01-19,11400.0
1316,2005-01-20,11950.0
1317,2005-01-21,12000.0
1318,2005-01-24,12250.0
1319,2005-01-25,12200.0
1320,2005-01-26,12950.0
1321,2005-01-27,12800.0
1322,2005-01-28,12500.0
1323,2005-01-31,12600.0
1324,2005-02-01,12200.0
1325,2005-02-02,12250.0
1326,2005-02-03,12700.0
1327,2005-02-04,12800.0
1328,2005-02-07,12750.0
1329,2005-02-08,12750.0
1330,2005-02-09,12750.0
1331,2005-02-10,12750.0
1332,2005-02-11,12600.0
1333,2005-02-14,12800.0
1334,2005-02-15,12700.0
1335,2005-02-16,12800.0
1336,2005-02-17,12600.0
1337,2005-02-18,12500.0
1338,2005-02-21,12750.0
1339,2005-02-22,13000.0
1340,2005-02-23,13700.0
1341,2005-02-24,13700.0
1342,2005-02-25,14200.0
1343,2005-02-28,14200.0
1344,2005-03-01,14200.0
1345,2005-03-02,14700.0
1346,2005-03-03,14500.0
1347,2005-03-04,14000.0
1348,2005-03-07,13800.0
1349,2005-03-08,14350.0
1350,2005-03-09,14800.0
1351,2005-03-10,14550.0
1352,2005-03-11,14950.0
1353,2005-03-14,15650.0
1354,2005-03-15,15250.0
1355,2005-03-16,14800.0
1356,2005-03-17,14050.0
1357,2005-03-18,14200.0
1358,2005-03-21,14450.0
1359,2005-03-22,14750.0
1360,2005-03-23,14650.0
1361,2005-03-24,14150.0
1362,2005-03-25,14200.0
1363,2005-03-28,14800.0
1364,2005-03-29,14500.0
1365,2005-03-30,14000.0
1366,2005-03-31,14000.0
1367,2005-04-01,14200.0
1368,2005-04-04,14400.0
1369,2005-04-05,14400.0
1370,2005-04-06,14550.0
1371,2005-04-07,14850.0
1372,2005-04-08,15000.0
1373,2005-04-11,15350.0
1374,2005-04-12,15050.0
1375,2005-04-13,15200.0
1376,2005-04-14,14400.0
1377,2005-04-15,14100.0
1378,2005-04-18,13300.0
1379,2005-04-19,13800.0
1380,2005-04-20,13700.0
1381,2005-04-21,13750.0
1382,2005-04-22,13800.0
1383,2005-04-25,14050.0
1384,2005-04-26,14200.0
1385,2005-04-27,13900.0
1386,2005-04-28,13050.0
1387,2005-04-29,12350.0
1388,2005-05-02,12500.0
1389,2005-05-03,12550.0
1390,2005-05-04,12750.0
1391,2005-05-05,12750.0
1392,2005-05-06,12950.0
1393,2005-05-09,12750.0
1394,2005-05-10,12700.0
1395,2005-05-11,12550.0
1396,2005-05-12,12650.0
1397,2005-05-13,12850.0
1398,2005-05-16,13300.0
1399,2005-05-17,13450.0
1400,2005-05-18,13650.0
1401,2005-05-19,13800.0
1402,2005-05-20,13900.0
1403,2005-05-23,13600.0
1404,2005-05-24,13900.0
1405,2005-05-25,13600.0
1406,2005-05-26,13900.0
1407,2005-05-27,14000.0
1408,2005-05-30,14250.0
1409,2005-05-31,14450.0
1410,2005-06-01,14500.0
1411,2005-06-02,14250.0
1412,2005-06-03,14100.0
1413,2005-06-06,14100.0
1414,2005-06-07,13800.0
1415,2005-06-08,13850.0
1416,2005-06-09,14050.0
1417,2005-06-10,13700.0
1418,2005-06-13,13750.0
1419,2005-06-14,13400.0
1420,2005-06-15,13600.0
1421,2005-06-16,13750.0
1422,2005-06-17,13500.0
1423,2005-06-20,13600.0
1424,2005-06-21,13600.0
1425,2005-06-22,13500.0
1426,2005-06-23,13800.0
1427,2005-06-24,13750.0
1428,2005-06-27,13700.0
1429,2005-06-28,13700.0
1430,2005-06-29,13500.0
1431,2005-06-30,13750.0
1432,2005-07-01,13700.0
1433,2005-07-04,14100.0
1434,2005-07-05,14300.0
1435,2005-07-06,14700.0
1436,2005-07-07,14900.0
1437,2005-07-08,14650.0
1438,2005-07-11,14950.0
1439,2005-07-12,14550.0
1440,2005-07-13,14450.0
1441,2005-07-14,14600.0
1442,2005-07-15,14500.0
1443,2005-07-18,14400.0
1444,2005-07-19,14850.0
1445,2005-07-20,14900.0
1446,2005-07-21,15100.0
1447,2005-07-22,14950.0
1448,2005-07-25,15200.0
1449,2005-07-26,15200.0
1450,2005-07-27,15250.0
1451,2005-07-28,15350.0
1452,2005-07-29,15700.0
1453,2005-08-01,16350.0
1454,2005-08-02,16000.0
1455,2005-08-03,15800.0
1456,2005-08-04,15400.0
1457,2005-08-05,15000.0
1458,2005-08-08,15150.0
1459,2005-08-09,15300.0
1460,2005-08-10,15250.0
1461,2005-08-11,15450.0
1462,2005-08-12,15700.0
1463,2005-08-15,15700.0
1464,2005-08-16,15650.0
1465,2005-08-17,15750.0
1466,2005-08-18,15100.0
1467,2005-08-19,15500.0
1468,2005-08-22,15750.0
1469,2005-08-23,15650.0
1470,2005-08-24,15450.0
1471,2005-08-25,15350.0
1472,2005-08-26,15250.0
1473,2005-08-29,15150.0
1474,2005-08-30,15400.0
1475,2005-08-31,15300.0
1476,2005-09-01,15850.0
1477,2005-09-02,15750.0
1478,2005-09-05,15600.0
1479,2005-09-06,15900.0
1480,2005-09-07,16600.0
1481,2005-09-08,16950.0
1482,2005-09-09,17750.0
1483,2005-09-12,18300.0
1484,2005-09-13,18250.0
1485,2005-09-14,18200.0
1486,2005-09-15,19000.0
1487,2005-09-16,19700.0
1488,2005-09-19,19700.0
1489,2005-09-20,19700.0
1490,2005-09-21,20700.0
1491,2005-09-22,21100.0
1492,2005-09-23,19800.0
1493,2005-09-26,19950.0
1494,2005-09-27,19600.0
1495,2005-09-28,19600.0
1496,2005-09-29,20150.0
1497,2005-09-30,19500.0
1498,2005-10-03,19500.0
1499,2005-10-04,19550.0
1500,2005-10-05,19300.0
1501,2005-10-06,18350.0
1502,2005-10-07,18600.0
1503,2005-10-10,18850.0
1504,2005-10-11,19100.0
1505,2005-10-12,18750.0
1506,2005-10-13,18450.0
1507,2005-10-14,18200.0
1508,2005-10-17,17800.0
1509,2005-10-18,18000.0
1510,2005-10-19,16950.0
1511,2005-10-20,17450.0
1512,2005-10-21,18000.0
1513,2005-10-24,18000.0
1514,2005-10-25,18050.0
1515,2005-10-26,18200.0
1516,2005-10-27,18000.0
1517,2005-10-28,17850.0
1518,2005-10-31,18700.0
1519,2005-11-01,19900.0
1520,2005-11-02,20000.0
1521,2005-11-03,19600.0
1522,2005-11-04,19700.0
1523,2005-11-07,20150.0
1524,2005-11-08,20500.0
1525,2005-11-09,20400.0
1526,2005-11-10,21000.0
1527,2005-11-11,21350.0
1528,2005-11-14,21400.0
1529,2005-11-15,21950.0
1530,2005-11-16,23600.0
1531,2005-11-17,23500.0
1532,2005-11-18,23700.0
1533,2005-11-21,23900.0
1534,2005-11-22,23000.0
1535,2005-11-23,24500.0
1536,2005-11-24,24950.0
1537,2005-11-25,24850.0
1538,2005-11-28,25850.0
1539,2005-11-29,25750.0
1540,2005-11-30,24700.0
1541,2005-12-01,23750.0
1542,2005-12-02,23600.0
1543,2005-12-05,23650.0
1544,2005-12-06,24900.0
1545,2005-12-07,24200.0
1546,2005-12-08,24000.0
1547,2005-12-09,23550.0
1548,2005-12-12,23450.0
1549,2005-12-13,23550.0
1550,2005-12-14,24850.0
1551,2005-12-15,26150.0
1552,2005-12-16,25900.0
1553,2005-12-19,25600.0
1554,2005-12-20,26000.0
1555,2005-12-21,27000.0
1556,2005-12-22,26250.0
1557,2005-12-23,26550.0
1558,2005-12-26,26000.0
1559,2005-12-27,26150.0
1560,2005-12-28,25950.0
1561,2005-12-29,26600.0
1562,2006-01-02,28000.0
1563,2006-01-03,27500.0
1564,2006-01-04,26100.0
1565,2006-01-05,25650.0
1566,2006-01-06,25500.0
1567,2006-01-09,24050.0
1568,2006-01-10,24300.0
1569,2006-01-11,23650.0
1570,2006-01-12,23050.0
1571,2006-01-13,24200.0
1572,2006-01-16,24400.0
1573,2006-01-17,23550.0
1574,2006-01-18,22800.0
1575,2006-01-19,22450.0
1576,2006-01-20,22000.0
1577,2006-01-23,20750.0
1578,2006-01-24,21550.0
1579,2006-01-25,21400.0
1580,2006-01-26,21200.0
1581,2006-01-27,22600.0
1582,2006-01-31,22500.0
1583,2006-02-01,21850.0
1584,2006-02-02,22850.0
1585,2006-02-03,21550.0
1586,2006-02-06,20950.0
1587,2006-02-07,20300.0
1588,2006-02-08,19750.0
1589,2006-02-09,19600.0
1590,2006-02-10,19850.0
1591,2006-02-13,19500.0
1592,2006-02-14,20300.0
1593,2006-02-15,20000.0
1594,2006-02-16,20100.0
1595,2006-02-17,19900.0
1596,2006-02-20,19950.0
1597,2006-02-21,20100.0
1598,2006-02-22,20300.0
1599,2006-02-23,21000.0
1600,2006-02-24,21100.0
1601,2006-02-27,21150.0
1602,2006-02-28,20950.0
1603,2006-03-02,21150.0
1604,2006-03-03,20600.0
1605,2006-03-06,20650.0
1606,2006-03-07,20500.0
1607,2006-03-08,20900.0
1608,2006-03-09,21250.0
1609,2006-03-10,21300.0
1610,2006-03-13,21850.0
1611,2006-03-14,21100.0
1612,2006-03-15,20800.0
1613,2006-03-16,20800.0
1614,2006-03-17,20700.0
1615,2006-03-20,20800.0
1616,2006-03-21,20550.0
1617,2006-03-22,20100.0
1618,2006-03-23,20250.0
1619,2006-03-24,20400.0
1620,2006-03-27,19900.0
1621,2006-03-28,19950.0
1622,2006-03-29,19850.0
1623,2006-03-30,20000.0
1624,2006-03-31,19900.0
1625,2006-04-03,20100.0
1626,2006-04-04,20750.0
1627,2006-04-05,21200.0
1628,2006-04-06,20550.0
1629,2006-04-07,20050.0
1630,2006-04-10,20000.0
1631,2006-04-11,19900.0
1632,2006-04-12,19900.0
1633,2006-04-13,20500.0
1634,2006-04-14,20600.0
1635,2006-04-17,20300.0
1636,2006-04-18,20350.0
1637,2006-04-19,20600.0
1638,2006-04-20,20500.0
1639,2006-04-21,20150.0
1640,2006-04-24,19500.0
1641,2006-04-25,19450.0
1642,2006-04-26,19350.0
1643,2006-04-27,19600.0
1644,2006-04-28,19400.0
1645,2006-05-02,18650.0
1646,2006-05-03,18600.0
1647,2006-05-04,18700.0
1648,2006-05-08,18500.0
1649,2006-05-09,18800.0
1650,2006-05-10,18500.0
1651,2006-05-11,18100.0
1652,2006-05-12,17850.0
1653,2006-05-15,17100.0
1654,2006-05-16,16900.0
1655,2006-05-17,17350.0
1656,2006-05-18,17000.0
1657,2006-05-19,16750.0
1658,2006-05-22,16750.0
1659,2006-05-23,16500.0
1660,2006-05-24,16450.0
1661,2006-05-25,16100.0
1662,2006-05-26,16250.0
1663,2006-05-29,16550.0
1664,2006-05-30,16150.0
1665,2006-05-31,16550.0
1666,2006-06-01,16000.0
1667,2006-06-02,16100.0
1668,2006-06-05,16350.0
1669,2006-06-07,16050.0
1670,2006-06-08,15750.0
1671,2006-06-09,15950.0
1672,2006-06-12,16000.0
1673,2006-06-13,15550.0
1674,2006-06-14,15550.0
1675,2006-06-15,15450.0
1676,2006-06-16,16150.0
1677,2006-06-19,16200.0
1678,2006-06-20,15700.0
1679,2006-06-21,15750.0
1680,2006-06-22,16000.0
1681,2006-06-23,16050.0
1682,2006-06-26,16100.0
1683,2006-06-27,16300.0
1684,2006-06-28,16400.0
1685,2006-06-29,16250.0
1686,2006-06-30,16300.0
1687,2006-07-03,16300.0
1688,2006-07-04,16100.0
1689,2006-07-05,15700.0
1690,2006-07-06,15500.0
1691,2006-07-07,15250.0
1692,2006-07-10,15100.0
1693,2006-07-11,15050.0
1694,2006-07-12,15000.0
1695,2006-07-13,14400.0
1696,2006-07-14,13500.0
1697,2006-07-18,13400.0
1698,2006-07-19,13400.0
1699,2006-07-20,14300.0
1700,2006-07-21,14350.0
1701,2006-07-24,14250.0
1702,2006-07-25,14250.0
1703,2006-07-26,14200.0
1704,2006-07-27,14150.0
1705,2006-07-28,14150.0
1706,2006-07-31,14200.0
1707,2006-08-01,14350.0
1708,2006-08-02,15400.0
1709,2006-08-03,15650.0
1710,2006-08-04,15750.0
1711,2006-08-07,15800.0
1712,2006-08-08,15600.0
1713,2006-08-09,15100.0
1714,2006-08-10,14350.0
1715,2006-08-11,13750.0
1716,2006-08-14,14150.0
1717,2006-08-16,14650.0
1718,2006-08-17,15000.0
1719,2006-08-18,15050.0
1720,2006-08-21,15050.0
1721,2006-08-22,15700.0
1722,2006-08-23,15800.0
1723,2006-08-24,15900.0
1724,2006-08-25,15950.0
1725,2006-08-28,15750.0
1726,2006-08-29,15500.0
1727,2006-08-30,15100.0
1728,2006-08-31,15350.0
1729,2006-09-01,15800.0
1730,2006-09-04,15700.0
1731,2006-09-05,15900.0
1732,2006-09-06,15800.0
1733,2006-09-07,15750.0
1734,2006-09-08,15650.0
1735,2006-09-11,15350.0
1736,2006-09-12,15300.0
1737,2006-09-13,15800.0
1738,2006-09-14,15650.0
1739,2006-09-15,15850.0
1740,2006-09-18,16200.0
1741,2006-09-19,16300.0
1742,2006-09-20,16450.0
1743,2006-09-21,16250.0
1744,2006-09-22,15950.0
1745,2006-09-25,15850.0
1746,2006-09-26,15400.0
1747,2006-09-27,15400.0
1748,2006-09-28,15350.0
1749,2006-09-29,15400.0
1750,2006-10-02,15650.0
1751,2006-10-04,15500.0
1752,2006-10-09,14900.0
1753,2006-10-10,14700.0
1754,2006-10-11,14600.0
1755,2006-10-12,14900.0
1756,2006-10-13,15100.0
1757,2006-10-16,15050.0
1758,2006-10-17,15200.0
1759,2006-10-18,15150.0
1760,2006-10-19,15000.0
1761,2006-10-20,15100.0
1762,2006-10-23,14700.0
1763,2006-10-24,14250.0
1764,2006-10-25,14150.0
1765,2006-10-26,14150.0
1766,2006-10-27,14100.0
1767,2006-10-30,14150.0
1768,2006-10-31,14250.0
1769,2006-11-01,14300.0
1770,2006-11-02,14400.0
1771,2006-11-03,14200.0
1772,2006-11-06,14100.0
1773,2006-11-07,14350.0
1774,2006-11-08,14150.0
1775,2006-11-09,14300.0
1776,2006-11-10,14300.0
1777,2006-11-13,14400.0
1778,2006-11-14,14500.0
1779,2006-11-15,14700.0
1780,2006-11-16,14750.0
1781,2006-11-17,14750.0
1782,2006-11-20,14650.0
1783,2006-11-21,14500.0
1784,2006-11-22,14600.0
1785,2006-11-23,14450.0
1786,2006-11-24,14500.0
1787,2006-11-27,14450.0
1788,2006-11-28,14450.0
1789,2006-11-29,14500.0
1790,2006-11-30,14050.0
1791,2006-12-01,14000.0
1792,2006-12-04,13750.0
1793,2006-12-05,13500.0
1794,2006-12-06,13150.0
1795,2006-12-07,12850.0
1796,2006-12-08,12400.0
1797,2006-12-11,12450.0
1798,2006-12-12,12450.0
1799,2006-12-13,12650.0
1800,2006-12-14,12900.0
1801,2006-12-15,13100.0
1802,2006-12-18,13300.0
1803,2006-12-19,13400.0
1804,2006-12-20,13650.0
1805,2006-12-21,13500.0
1806,2006-12-22,13500.0
1807,2006-12-26,13200.0
1808,2006-12-27,13300.0
1809,2006-12-28,13450.0
1810,2007-01-02,13550.0
1811,2007-01-03,13500.0
1812,2007-01-04,13250.0
1813,2007-01-05,12950.0
1814,2007-01-08,12650.0
1815,2007-01-09,12150.0
1816,2007-01-10,12200.0
1817,2007-01-11,12150.0
1818,2007-01-12,12200.0
1819,2007-01-15,12250.0
1820,2007-01-16,12350.0
1821,2007-01-17,12250.0
1822,2007-01-18,12250.0
1823,2007-01-19,11650.0
1824,2007-01-22,11300.0
1825,2007-01-23,11150.0
1826,2007-01-24,11450.0
1827,2007-01-25,11700.0
1828,2007-01-26,11750.0
1829,2007-01-29,11350.0
1830,2007-01-30,11700.0
1831,2007-01-31,11600.0
1832,2007-02-01,11500.0
1833,2007-02-02,12100.0
1834,2007-02-05,12050.0
1835,2007-02-06,11950.0
1836,2007-02-07,12200.0
1837,2007-02-08,12200.0
1838,2007-02-09,12300.0
1839,2007-02-12,12400.0
1840,2007-02-13,12650.0
1841,2007-02-14,13300.0
1842,2007-02-15,12950.0
1843,2007-02-16,12800.0
1844,2007-02-20,13250.0
1845,2007-02-21,13400.0
1846,2007-02-22,13100.0
1847,2007-02-23,12900.0
1848,2007-02-26,12600.0
1849,2007-02-27,12500.0
1850,2007-02-28,12150.0
1851,2007-03-01,12150.0
1852,2007-03-05,12450.0
1853,2007-03-06,12800.0
1854,2007-03-07,12750.0
1855,2007-03-08,12550.0
1856,2007-03-09,12550.0
1857,2007-03-12,12500.0
1858,2007-03-13,12400.0
1859,2007-03-14,12100.0
1860,2007-03-15,12300.0
1861,2007-03-16,12250.0
1862,2007-03-19,12350.0
1863,2007-03-20,12250.0
1864,2007-03-21,12300.0
1865,2007-03-22,12200.0
1866,2007-03-23,12250.0
1867,2007-03-26,12250.0
1868,2007-03-27,12200.0
1869,2007-03-28,12200.0
1870,2007-03-29,12300.0
1871,2007-03-30,12700.0
1872,2007-04-02,13400.0
1873,2007-04-03,13400.0
1874,2007-04-04,13100.0
1875,2007-04-05,13050.0
1876,2007-04-06,12950.0
1877,2007-04-09,12850.0
1878,2007-04-10,12950.0
1879,2007-04-11,13100.0
1880,2007-04-12,13200.0
1881,2007-04-13,13000.0
1882,2007-04-16,12700.0
1883,2007-04-17,12550.0
1884,2007-04-18,12450.0
1885,2007-04-19,12300.0
1886,2007-04-20,11700.0
1887,2007-04-23,11550.0
1888,2007-04-24,11200.0
1889,2007-04-25,11000.0
1890,2007-04-26,11250.0
1891,2007-04-27,11100.0
1892,2007-04-30,11100.0
1893,2007-05-02,11200.0
1894,2007-05-03,11150.0
1895,2007-05-04,11200.0
1896,2007-05-07,11250.0
1897,2007-05-08,11200.0
1898,2007-05-09,11100.0
1899,2007-05-10,11050.0
1900,2007-05-11,11200.0
1901,2007-05-14,11600.0
1902,2007-05-15,11600.0
1903,2007-05-16,11450.0
1904,2007-05-17,11350.0
1905,2007-05-18,11250.0
1906,2007-05-21,11650.0
1907,2007-05-22,11900.0
1908,2007-05-23,11900.0
1909,2007-05-25,11850.0
1910,2007-05-28,11850.0
1911,2007-05-29,12100.0
1912,2007-05-30,12000.0
1913,2007-05-31,11950.0
1914,2007-06-01,12000.0
1915,2007-06-04,12500.0
1916,2007-06-05,12950.0
1917,2007-06-07,13000.0
1918,2007-06-08,13450.0
1919,2007-06-11,13550.0
1920,2007-06-12,13650.0
1921,2007-06-13,13450.0
1922,2007-06-14,13550.0
1923,2007-06-15,13100.0
1924,2007-06-18,13050.0
1925,2007-06-19,13300.0
1926,2007-06-20,13050.0
1927,2007-06-21,13450.0
1928,2007-06-22,13300.0
1929,2007-06-25,13550.0
1930,2007-06-26,13800.0
1931,2007-06-27,14600.0
1932,2007-06-28,14600.0
1933,2007-06-29,14400.0
1934,2007-07-02,14150.0
1935,2007-07-03,14600.0
1936,2007-07-04,15000.0
1937,2007-07-05,14950.0
1938,2007-07-06,14950.0
1939,2007-07-09,14750.0
1940,2007-07-10,14850.0
1941,2007-07-11,14450.0
1942,2007-07-12,14450.0
1943,2007-07-13,14600.0
1944,2007-07-16,15150.0
1945,2007-07-18,14700.0
1946,2007-07-19,14700.0
1947,2007-07-20,15050.0
1948,2007-07-23,15000.0
1949,2007-07-24,15250.0
1950,2007-07-25,15350.0
1951,2007-07-26,15200.0
1952,2007-07-27,14550.0
1953,2007-07-30,14100.0
1954,2007-07-31,14050.0
1955,2007-08-01,12550.0
1956,2007-08-02,12350.0
1957,2007-08-03,12450.0
1958,2007-08-06,12400.0
1959,2007-08-07,12500.0
1960,2007-08-08,13450.0
1961,2007-08-09,13200.0
1962,2007-08-10,12400.0
1963,2007-08-13,12700.0
1964,2007-08-14,12500.0
1965,2007-08-16,12200.0
1966,2007-08-17,11900.0
1967,2007-08-20,12500.0
1968,2007-08-21,12150.0
1969,2007-08-22,12450.0
1970,2007-08-23,12450.0
1971,2007-08-24,12400.0
1972,2007-08-27,11900.0
1973,2007-08-28,12200.0
1974,2007-08-29,12150.0
1975,2007-08-30,12550.0
1976,2007-08-31,12700.0
1977,2007-09-03,12550.0
1978,2007-09-04,13100.0
1979,2007-09-05,12850.0
1980,2007-09-06,12900.0
1981,2007-09-07,12950.0
1982,2007-09-10,12300.0
1983,2007-09-11,12300.0
1984,2007-09-12,12100.0
1985,2007-09-13,12100.0
1986,2007-09-14,12100.0
1987,2007-09-17,11850.0
1988,2007-09-18,11750.0
1989,2007-09-19,12300.0
1990,2007-09-20,11950.0
1991,2007-09-21,11900.0
1992,2007-09-27,12500.0
1993,2007-09-28,12450.0
1994,2007-10-01,12250.0
1995,2007-10-02,12050.0
1996,2007-10-04,11900.0
1997,2007-10-05,11750.0
1998,2007-10-08,11650.0
1999,2007-10-09,11650.0
2000,2007-10-10,11600.0
2001,2007-10-11,11150.0
2002,2007-10-12,11000.0
2003,2007-10-15,11050.0
2004,2007-10-16,11000.0
2005,2007-10-17,10650.0
2006,2007-10-18,10250.0
2007,2007-10-19,9700.0
2008,2007-10-22,9330.0
2009,2007-10-23,9810.0
2010,2007-10-24,9920.0
2011,2007-10-25,11400.0
2012,2007-10-26,10850.0
2013,2007-10-29,10300.0
2014,2007-10-30,10650.0
2015,2007-10-31,10350.0
2016,2007-11-01,10150.0
2017,2007-11-02,9900.0
2018,2007-11-05,9700.0
2019,2007-11-06,9920.0
2020,2007-11-07,9850.0
2021,2007-11-08,9510.0
2022,2007-11-09,9630.0
2023,2007-11-12,9400.0
2024,2007-11-13,9750.0
2025,2007-11-14,10050.0
2026,2007-11-15,10300.0
2027,2007-11-16,10100.0
2028,2007-11-19,9910.0
2029,2007-11-20,9880.0
2030,2007-11-21,9510.0
2031,2007-11-22,9800.0
2032,2007-11-23,9700.0
2033,2007-11-26,9900.0
2034,2007-11-27,9870.0
2035,2007-11-28,10000.0
2036,2007-11-29,10050.0
2037,2007-11-30,10150.0
2038,2007-12-03,10200.0
2039,2007-12-04,10300.0
2040,2007-12-05,10250.0
2041,2007-12-06,10300.0
2042,2007-12-07,10550.0
2043,2007-12-10,10450.0
2044,2007-12-11,10750.0
2045,2007-12-12,10600.0
2046,2007-12-13,10200.0
2047,2007-12-14,10300.0
2048,2007-12-17,10000.0
2049,2007-12-18,10250.0
2050,2007-12-20,9930.0
2051,2007-12-21,10050.0
2052,2007-12-24,10150.0
2053,2007-12-26,10100.0
2054,2007-12-27,10100.0
2055,2007-12-28,10100.0
2056,2008-01-02,9960.0
2057,2008-01-03,10050.0
2058,2008-01-04,9970.0
2059,2008-01-07,9940.0
2060,2008-01-08,9890.0
2061,2008-01-09,10000.0
2062,2008-01-10,9780.0
2063,2008-01-11,9430.0
2064,2008-01-14,9400.0
2065,2008-01-15,9070.0
2066,2008-01-16,8980.0
2067,2008-01-17,9200.0
2068,2008-01-18,9420.0
2069,2008-01-21,9220.0
2070,2008-01-22,9140.0
2071,2008-01-23,8950.0
2072,2008-01-24,9330.0
2073,2008-01-25,10050.0
2074,2008-01-28,9980.0
2075,2008-01-29,10300.0
2076,2008-01-30,10050.0
2077,2008-01-31,10350.0
2078,2008-02-01,10250.0
2079,2008-02-04,10300.0
2080,2008-02-05,10250.0
2081,2008-02-11,9930.0
2082,2008-02-12,10050.0
2083,2008-02-13,9980.0
2084,2008-02-14,10200.0
2085,2008-02-15,10250.0
2086,2008-02-18,10200.0
2087,2008-02-19,10450.0
2088,2008-02-20,10200.0
2089,2008-02-21,10200.0
2090,2008-02-22,9800.0
2091,2008-02-25,9820.0
2092,2008-02-26,9640.0
2093,2008-02-27,9860.0
2094,2008-02-28,10000.0
2095,2008-02-29,9740.0
2096,2008-03-03,9800.0
2097,2008-03-04,9820.0
2098,2008-03-05,9870.0
2099,2008-03-06,9810.0
2100,2008-03-07,9550.0
2101,2008-03-10,9840.0
2102,2008-03-11,10400.0
2103,2008-03-12,10450.0
2104,2008-03-13,10200.0
2105,2008-03-14,10950.0
2106,2008-03-17,11400.0
2107,2008-03-18,11450.0
2108,2008-03-19,11700.0
2109,2008-03-20,11800.0
2110,2008-03-21,11600.0
2111,2008-03-24,11000.0
2112,2008-03-25,11150.0
2113,2008-03-26,11000.0
2114,2008-03-27,11250.0
2115,2008-03-28,11450.0
2116,2008-03-31,11400.0
2117,2008-04-01,11200.0
2118,2008-04-02,11450.0
2119,2008-04-03,11500.0
2120,2008-04-04,11200.0
2121,2008-04-07,11000.0
2122,2008-04-08,10750.0
2123,2008-04-10,10900.0
2124,2008-04-11,11900.0
2125,2008-04-14,12150.0
2126,2008-04-15,12100.0
2127,2008-04-16,12300.0
2128,2008-04-17,12700.0
2129,2008-04-18,13200.0
2130,2008-04-21,13800.0
2131,2008-04-22,13350.0
2132,2008-04-23,12850.0
2133,2008-04-24,12400.0
2134,2008-04-25,13250.0
2135,2008-04-28,13000.0
2136,2008-04-29,13250.0
2137,2008-04-30,13350.0
2138,2008-05-01,13350.0
2139,2008-05-02,13200.0
2140,2008-05-05,13200.0
2141,2008-05-06,13100.0
2142,2008-05-07,13500.0
2143,2008-05-08,13700.0
2144,2008-05-09,13150.0
2145,2008-05-12,13150.0
2146,2008-05-13,13400.0
2147,2008-05-14,13500.0
2148,2008-05-15,14150.0
2149,2008-05-16,14150.0
2150,2008-05-19,13000.0
2151,2008-05-20,12900.0
2152,2008-05-21,12450.0
2153,2008-05-22,12500.0
2154,2008-05-23,12350.0
2155,2008-05-26,12500.0
2156,2008-05-27,12300.0
2157,2008-05-28,11950.0
2158,2008-05-29,12150.0
2159,2008-05-30,12200.0
2160,2008-06-02,11800.0
2161,2008-06-03,11250.0
2162,2008-06-04,11500.0
2163,2008-06-05,11500.0
2164,2008-06-06,11500.0
2165,2008-06-09,11750.0
2166,2008-06-10,11500.0
2167,2008-06-11,11600.0
2168,2008-06-12,11450.0
2169,2008-06-13,11900.0
2170,2008-06-16,12300.0
2171,2008-06-17,12200.0
2172,2008-06-18,12550.0
2173,2008-06-19,12150.0
2174,2008-06-20,11800.0
2175,2008-06-23,11550.0
2176,2008-06-24,11950.0
2177,2008-06-25,11700.0
2178,2008-06-26,11800.0
2179,2008-06-27,11350.0
2180,2008-06-30,11050.0
2181,2008-07-01,11550.0
2182,2008-07-02,11700.0
2183,2008-07-03,11400.0
2184,2008-07-04,11850.0
2185,2008-07-07,11950.0
2186,2008-07-08,11200.0
2187,2008-07-09,11100.0
2188,2008-07-10,10700.0
2189,2008-07-11,11000.0
2190,2008-07-14,11150.0
2191,2008-07-15,10400.0
2192,2008-07-16,10550.0
2193,2008-07-17,11200.0
2194,2008-07-18,11350.0
2195,2008-07-21,11850.0
2196,2008-07-22,11600.0
2197,2008-07-23,11700.0
2198,2008-07-24,11900.0
2199,2008-07-25,11700.0
2200,2008-07-28,12550.0
2201,2008-07-29,12750.0
2202,2008-07-30,12750.0
2203,2008-07-31,12600.0
2204,2008-08-01,12400.0
2205,2008-08-04,12700.0
2206,2008-08-05,12900.0
2207,2008-08-06,13550.0
2208,2008-08-07,12700.0
2209,2008-08-08,12750.0
2210,2008-08-11,13150.0
2211,2008-08-12,13150.0
2212,2008-08-13,13200.0
2213,2008-08-14,13500.0
2214,2008-08-15,13500.0
2215,2008-08-18,12750.0
2216,2008-08-19,12100.0
2217,2008-08-20,12700.0
2218,2008-08-21,12350.0
2219,2008-08-22,13000.0
2220,2008-08-25,13450.0
2221,2008-08-26,13550.0
2222,2008-08-27,13650.0
2223,2008-08-28,12900.0
2224,2008-08-29,13100.0
2225,2008-09-01,12500.0
2226,2008-09-02,12850.0
2227,2008-09-03,13700.0
2228,2008-09-04,13550.0
2229,2008-09-05,12950.0
2230,2008-09-08,13650.0
2231,2008-09-09,13900.0
2232,2008-09-10,14450.0
2233,2008-09-11,13300.0
2234,2008-09-12,13050.0
2235,2008-09-15,13050.0
2236,2008-09-16,12050.0
2237,2008-09-17,13100.0
2238,2008-09-18,12550.0
2239,2008-09-19,13500.0
2240,2008-09-22,13700.0
2241,2008-09-23,13750.0
2242,2008-09-24,14300.0
2243,2008-09-25,14200.0
2244,2008-09-26,13850.0
2245,2008-09-29,14250.0
2246,2008-09-30,14650.0
2247,2008-10-01,14300.0
2248,2008-10-02,14300.0
2249,2008-10-03,14300.0
2250,2008-10-06,13600.0
2251,2008-10-07,14500.0
2252,2008-10-08,13700.0
2253,2008-10-09,13850.0
2254,2008-10-10,13350.0
2255,2008-10-13,13250.0
2256,2008-10-14,13700.0
2257,2008-10-15,13250.0
2258,2008-10-16,11300.0
2259,2008-10-17,10100.0
2260,2008-10-20,10950.0
2261,2008-10-21,10900.0
2262,2008-10-22,9550.0
2263,2008-10-23,9110.0
2264,2008-10-24,7750.0
2265,2008-10-27,8350.0
2266,2008-10-28,9600.0
2267,2008-10-29,9990.0
2268,2008-10-30,11450.0
2269,2008-10-31,10400.0
2270,2008-11-03,10400.0
2271,2008-11-04,9990.0
2272,2008-11-05,10200.0
2273,2008-11-06,8990.0
2274,2008-11-07,10100.0
2275,2008-11-10,9650.0
2276,2008-11-11,9400.0
2277,2008-11-12,9800.0
2278,2008-11-13,9960.0
2279,2008-11-14,9730.0
2280,2008-11-17,9460.0
2281,2008-11-18,8710.0
2282,2008-11-19,8380.0
2283,2008-11-20,7130.0
2284,2008-11-21,7970.0
2285,2008-11-24,6710.0
2286,2008-11-25,5850.0
2287,2008-11-26,6100.0
2288,2008-11-27,6480.0
2289,2008-11-28,7050.0
2290,2008-12-01,6770.0
2291,2008-12-02,6260.0
2292,2008-12-03,6150.0
2293,2008-12-04,6440.0
2294,2008-12-05,6900.0
2295,2008-12-08,7050.0
2296,2008-12-09,6920.0
2297,2008-12-10,7510.0
2298,2008-12-11,7390.0
2299,2008-12-12,6760.0
2300,2008-12-15,7210.0
2301,2008-12-16,8190.0
2302,2008-12-17,8090.0
2303,2008-12-18,7860.0
2304,2008-12-19,8150.0
2305,2008-12-22,7870.0
2306,2008-12-23,6710.0
2307,2008-12-24,6500.0
2308,2008-12-25,6500.0
2309,2008-12-26,6320.0
2310,2008-12-29,6530.0
2311,2008-12-30,6550.0
2312,2008-12-31,6550.0
2313,2009-01-02,6970.0
2314,2009-01-05,7280.0
2315,2009-01-06,7380.0
2316,2009-01-07,7780.0
2317,2009-01-08,7600.0
2318,2009-01-09,7580.0
2319,2009-01-12,7110.0
2320,2009-01-13,7500.0
2321,2009-01-14,7790.0
2322,2009-01-15,6950.0
2323,2009-01-16,6950.0
2324,2009-01-19,7120.0
2325,2009-01-20,7030.0
2326,2009-01-21,7200.0
2327,2009-01-22,7020.0
2328,2009-01-23,6750.0
2329,2009-01-28,7520.0
2330,2009-01-29,7700.0
2331,2009-01-30,7900.0
2332,2009-02-02,7900.0
2333,2009-02-03,8010.0
2334,2009-02-04,8950.0
2335,2009-02-05,8770.0
2336,2009-02-06,9050.0
2337,2009-02-09,8560.0
2338,2009-02-10,8500.0
2339,2009-02-11,8460.0
2340,2009-02-12,8100.0
2341,2009-02-13,8470.0
2342,2009-02-16,8450.0
2343,2009-02-17,7800.0
2344,2009-02-18,7760.0
2345,2009-02-19,7600.0
2346,2009-02-20,7210.0
2347,2009-02-23,7700.0
2348,2009-02-24,7300.0
2349,2009-02-25,7400.0
2350,2009-02-26,6710.0
2351,2009-02-27,6710.0
2352,2009-03-02,6390.0
2353,2009-03-03,6550.0
2354,2009-03-04,6750.0
2355,2009-03-05,6550.0
2356,2009-03-06,6500.0
2357,2009-03-09,6330.0
2358,2009-03-10,6610.0
2359,2009-03-11,7110.0
2360,2009-03-12,7080.0
2361,2009-03-13,7430.0
2362,2009-03-16,7500.0
2363,2009-03-17,8000.0
2364,2009-03-18,7870.0
2365,2009-03-19,7520.0
2366,2009-03-20,7690.0
2367,2009-03-23,8080.0
2368,2009-03-24,8180.0
2369,2009-03-25,8100.0
2370,2009-03-26,8420.0
2371,2009-03-27,8490.0
2372,2009-03-30,8050.0
2373,2009-03-31,8530.0
2374,2009-04-01,8950.0
2375,2009-04-02,9220.0
2376,2009-04-03,9590.0
2377,2009-04-06,9540.0
2378,2009-04-07,9620.0
2379,2009-04-08,9150.0
2380,2009-04-09,9690.0
2381,2009-04-10,9690.0
2382,2009-04-13,10150.0
2383,2009-04-14,10150.0
2384,2009-04-15,9990.0
2385,2009-04-16,9700.0
2386,2009-04-17,9510.0
2387,2009-04-20,9800.0
2388,2009-04-21,9590.0
2389,2009-04-22,10150.0
2390,2009-04-23,10700.0
2391,2009-04-24,10250.0
2392,2009-04-27,10500.0
2393,2009-04-28,10150.0
2394,2009-04-29,10700.0
2395,2009-04-30,11250.0
2396,2009-05-04,11350.0
2397,2009-05-06,11350.0
2398,2009-05-07,11100.0
2399,2009-05-08,11300.0
2400,2009-05-11,12100.0
2401,2009-05-12,12300.0
2402,2009-05-13,12250.0
2403,2009-05-14,12400.0
2404,2009-05-15,12500.0
2405,2009-05-18,13100.0
2406,2009-05-19,13500.0
2407,2009-05-20,12900.0
2408,2009-05-21,12450.0
2409,2009-05-22,12100.0
2410,2009-05-25,12750.0
2411,2009-05-26,12100.0
2412,2009-05-27,11550.0
2413,2009-05-28,12200.0
2414,2009-05-29,11950.0
2415,2009-06-01,12200.0
2416,2009-06-02,12400.0
2417,2009-06-03,12400.0
2418,2009-06-04,11800.0
2419,2009-06-05,11900.0
2420,2009-06-08,11550.0
2421,2009-06-09,11300.0
2422,2009-06-10,11950.0
2423,2009-06-11,12250.0
2424,2009-06-12,12400.0
2425,2009-06-15,12300.0
2426,2009-06-16,11850.0
2427,2009-06-17,12500.0
2428,2009-06-18,12600.0
2429,2009-06-19,13200.0
2430,2009-06-22,13350.0
2431,2009-06-23,12850.0
2432,2009-06-24,13200.0
2433,2009-06-25,13150.0
2434,2009-06-26,13000.0
2435,2009-06-29,13100.0
2436,2009-06-30,12600.0
2437,2009-07-01,12450.0
2438,2009-07-02,12700.0
2439,2009-07-03,13000.0
2440,2009-07-06,13500.0
2441,2009-07-07,13900.0
2442,2009-07-08,14450.0
2443,2009-07-09,14450.0
2444,2009-07-10,14600.0
2445,2009-07-13,13500.0
2446,2009-07-14,13700.0
2447,2009-07-15,14450.0
2448,2009-07-16,14450.0
2449,2009-07-17,14500.0
2450,2009-07-20,15500.0
2451,2009-07-21,15850.0
2452,2009-07-22,15550.0
2453,2009-07-23,14900.0
2454,2009-07-24,15000.0
2455,2009-07-27,15700.0
2456,2009-07-28,15400.0
2457,2009-07-29,15500.0
2458,2009-07-30,15450.0
2459,2009-07-31,15350.0
2460,2009-08-03,16000.0
2461,2009-08-04,16300.0
2462,2009-08-05,16100.0
2463,2009-08-06,16100.0
2464,2009-08-07,16300.0
2465,2009-08-10,16550.0
2466,2009-08-11,16550.0
2467,2009-08-12,16150.0
2468,2009-08-13,16600.0
2469,2009-08-14,16800.0
2470,2009-08-17,16500.0
2471,2009-08-18,16400.0
2472,2009-08-19,16700.0
2473,2009-08-20,17200.0
2474,2009-08-21,17500.0
2475,2009-08-24,17450.0
2476,2009-08-25,16800.0
2477,2009-08-26,16250.0
2478,2009-08-27,16200.0
2479,2009-08-28,16200.0
2480,2009-08-31,16900.0
2481,2009-09-01,17700.0
2482,2009-09-02,18050.0
2483,2009-09-03,17300.0
2484,2009-09-04,16700.0
2485,2009-09-07,17250.0
2486,2009-09-08,16900.0
2487,2009-09-09,15850.0
2488,2009-09-10,15950.0
2489,2009-09-11,16150.0
2490,2009-09-14,16050.0
2491,2009-09-15,16500.0
2492,2009-09-16,17150.0
2493,2009-09-17,17300.0
2494,2009-09-18,17150.0
2495,2009-09-21,16950.0
2496,2009-09-22,17700.0
2497,2009-09-23,18150.0
2498,2009-09-24,18500.0
2499,2009-09-25,19200.0
2500,2009-09-28,18300.0
2501,2009-09-29,18950.0
2502,2009-09-30,18600.0
2503,2009-10-01,17350.0
2504,2009-10-05,16900.0
2505,2009-10-06,16850.0
2506,2009-10-07,16050.0
2507,2009-10-08,16950.0
2508,2009-10-09,17600.0
2509,2009-10-12,17550.0
2510,2009-10-13,17650.0
2511,2009-10-14,17800.0
2512,2009-10-15,17150.0
2513,2009-10-16,16350.0
2514,2009-10-19,16900.0
2515,2009-10-20,16600.0
2516,2009-10-21,16900.0
2517,2009-10-22,17150.0
2518,2009-10-23,18300.0
2519,2009-10-26,18650.0
2520,2009-10-27,19050.0
2521,2009-10-28,18500.0
2522,2009-10-29,18200.0
2523,2009-10-30,18000.0
2524,2009-11-02,17650.0
2525,2009-11-03,18150.0
2526,2009-11-04,18500.0
2527,2009-11-05,18300.0
2528,2009-11-06,18350.0
2529,2009-11-09,18050.0
2530,2009-11-10,18000.0
2531,2009-11-11,18100.0
2532,2009-11-12,17700.0
2533,2009-11-13,17300.0
2534,2009-11-16,17250.0
2535,2009-11-17,16800.0
2536,2009-11-18,17300.0
2537,2009-11-19,17650.0
2538,2009-11-20,17650.0
2539,2009-11-23,17350.0
2540,2009-11-24,17650.0
2541,2009-11-25,17700.0
2542,2009-11-26,17450.0
2543,2009-11-27,16400.0
2544,2009-11-30,17150.0
2545,2009-12-01,17700.0
2546,2009-12-02,17650.0
2547,2009-12-03,17650.0
2548,2009-12-04,17700.0
2549,2009-12-07,18000.0
2550,2009-12-08,17800.0
2551,2009-12-09,18600.0
2552,2009-12-10,19000.0
2553,2009-12-11,19050.0
2554,2009-12-14,19450.0
2555,2009-12-15,19800.0
2556,2009-12-16,19600.0
2557,2009-12-17,19900.0
2558,2009-12-18,19700.0
2559,2009-12-21,20200.0
2560,2009-12-22,20350.0
2561,2009-12-23,20500.0
2562,2009-12-24,20500.0
2563,2009-12-28,20100.0
2564,2009-12-29,20000.0
2565,2009-12-30,20050.0
2566,2010-01-04,20800.0
2567,2010-01-05,19650.0
2568,2010-01-06,19850.0
2569,2010-01-07,18950.0
2570,2010-01-08,19350.0
2571,2010-01-11,18750.0
2572,2010-01-12,18950.0
2573,2010-01-13,19000.0
2574,2010-01-14,19100.0
2575,2010-01-15,19100.0
2576,2010-01-18,18650.0
2577,2010-01-19,18550.0
2578,2010-01-20,18700.0
2579,2010-01-21,19400.0
2580,2010-01-22,19600.0
2581,2010-01-25,19250.0
2582,2010-01-26,18600.0
2583,2010-01-27,18850.0
2584,2010-01-28,19650.0
2585,2010-01-29,19550.0
2586,2010-02-01,20650.0
2587,2010-02-02,20200.0
2588,2010-02-03,20500.0
2589,2010-02-04,21100.0
2590,2010-02-05,20550.0
2591,2010-02-08,20850.0
2592,2010-02-09,20850.0
2593,2010-02-10,20650.0
2594,2010-02-11,21000.0
2595,2010-02-12,21050.0
2596,2010-02-16,21750.0
2597,2010-02-17,21700.0
2598,2010-02-18,21300.0
2599,2010-02-19,21100.0
2600,2010-02-22,21250.0
2601,2010-02-23,21700.0
2602,2010-02-24,21650.0
2603,2010-02-25,21450.0
2604,2010-02-26,21750.0
2605,2010-03-02,21850.0
2606,2010-03-03,22400.0
2607,2010-03-04,22500.0
2608,2010-03-05,22750.0
2609,2010-03-08,22800.0
2610,2010-03-09,22050.0
2611,2010-03-10,22200.0
2612,2010-03-11,21800.0
2613,2010-03-12,21100.0
2614,2010-03-15,21350.0
2615,2010-03-16,22300.0
2616,2010-03-17,22750.0
2617,2010-03-18,22800.0
2618,2010-03-19,23950.0
2619,2010-03-22,24550.0
2620,2010-03-23,24450.0
2621,2010-03-24,24850.0
2622,2010-03-25,25300.0
2623,2010-03-26,25200.0
2624,2010-03-29,25850.0
2625,2010-03-30,25750.0
2626,2010-03-31,25250.0
2627,2010-04-01,26350.0
2628,2010-04-02,26050.0
2629,2010-04-05,26800.0
2630,2010-04-06,26400.0
2631,2010-04-07,26350.0
2632,2010-04-08,26900.0
2633,2010-04-09,27000.0
2634,2010-04-12,25050.0
2635,2010-04-13,26050.0
2636,2010-04-14,25700.0
2637,2010-04-15,25200.0
2638,2010-04-16,24950.0
2639,2010-04-19,24950.0
2640,2010-04-20,25350.0
2641,2010-04-21,26250.0
2642,2010-04-22,26400.0
2643,2010-04-23,26400.0
2644,2010-04-26,26350.0
2645,2010-04-27,25850.0
2646,2010-04-28,26450.0
2647,2010-04-29,26950.0
2648,2010-04-30,27400.0
2649,2010-05-03,27800.0
2650,2010-05-04,28950.0
2651,2010-05-06,29050.0
2652,2010-05-07,28950.0
2653,2010-05-10,29300.0
2654,2010-05-11,29800.0
2655,2010-05-12,30300.0
2656,2010-05-13,31150.0
2657,2010-05-14,31900.0
2658,2010-05-17,31700.0
2659,2010-05-18,29250.0
2660,2010-05-19,29900.0
2661,2010-05-20,29750.0
2662,2010-05-24,29100.0
2663,2010-05-25,28000.0
2664,2010-05-26,30300.0
2665,2010-05-27,30650.0
2666,2010-05-28,31050.0
2667,2010-05-31,31300.0
2668,2010-06-01,30050.0
2669,2010-06-03,31000.0
2670,2010-06-04,32750.0
2671,2010-06-07,33700.0
2672,2010-06-08,33600.0
2673,2010-06-09,32800.0
2674,2010-06-10,32450.0
2675,2010-06-11,32350.0
2676,2010-06-14,31350.0
2677,2010-06-15,32350.0
2678,2010-06-16,31900.0
2679,2010-06-17,32150.0
2680,2010-06-18,31900.0
2681,2010-06-21,31800.0
2682,2010-06-22,32650.0
2683,2010-06-23,31850.0
2684,2010-06-24,31950.0
2685,2010-06-25,32400.0
2686,2010-06-28,33300.0
2687,2010-06-29,32450.0
2688,2010-06-30,32700.0
2689,2010-07-01,31600.0
2690,2010-07-02,30950.0
2691,2010-07-05,30700.0
2692,2010-07-06,31500.0
2693,2010-07-07,31400.0
2694,2010-07-08,31950.0
2695,2010-07-09,32550.0
2696,2010-07-12,32950.0
2697,2010-07-13,31850.0
2698,2010-07-14,31600.0
2699,2010-07-15,31200.0
2700,2010-07-16,30450.0
2701,2010-07-19,30650.0
2702,2010-07-20,30800.0
2703,2010-07-21,30400.0
2704,2010-07-22,29200.0
2705,2010-07-23,29400.0
2706,2010-07-26,30850.0
2707,2010-07-27,30900.0
2708,2010-07-28,30500.0
2709,2010-07-29,30200.0
2710,2010-07-30,30900.0
2711,2010-08-02,32300.0
2712,2010-08-03,32250.0
2713,2010-08-04,31600.0
2714,2010-08-05,31600.0
2715,2010-08-06,30850.0
2716,2010-08-09,30850.0
2717,2010-08-10,30050.0
2718,2010-08-11,30150.0
2719,2010-08-12,29950.0
2720,2010-08-13,30850.0
2721,2010-08-16,31000.0
2722,2010-08-17,30700.0
2723,2010-08-18,31200.0
2724,2010-08-19,31800.0
2725,2010-08-20,31600.0
2726,2010-08-23,30350.0
2727,2010-08-24,30250.0
2728,2010-08-25,30300.0
2729,2010-08-26,30550.0
2730,2010-08-27,30850.0
2731,2010-08-30,31250.0
2732,2010-08-31,30800.0
2733,2010-09-01,31900.0
2734,2010-09-02,31700.0
2735,2010-09-03,31950.0
2736,2010-09-06,33450.0
2737,2010-09-07,33400.0
2738,2010-09-08,34150.0
2739,2010-09-09,34050.0
2740,2010-09-10,33600.0
2741,2010-09-13,34850.0
2742,2010-09-14,34350.0
2743,2010-09-15,34600.0
2744,2010-09-16,33800.0
2745,2010-09-17,34250.0
2746,2010-09-20,34850.0
2747,2010-09-24,36800.0
2748,2010-09-27,37350.0
2749,2010-09-28,37250.0
2750,2010-09-29,36700.0
2751,2010-09-30,36800.0
2752,2010-10-01,37100.0
2753,2010-10-04,38200.0
2754,2010-10-05,38600.0
2755,2010-10-06,38200.0
2756,2010-10-07,38000.0
2757,2010-10-08,38650.0
2758,2010-10-11,39700.0
2759,2010-10-12,38900.0
2760,2010-10-13,38850.0
2761,2010-10-14,39450.0
2762,2010-10-15,39100.0
2763,2010-10-18,38000.0
2764,2010-10-19,38350.0
2765,2010-10-20,39000.0
2766,2010-10-21,39300.0
2767,2010-10-22,39750.0
2768,2010-10-25,42050.0
2769,2010-10-26,43000.0
2770,2010-10-27,43250.0
2771,2010-10-28,43550.0
2772,2010-10-29,44900.0
2773,2010-11-01,49500.0
2774,2010-11-02,49700.0
2775,2010-11-03,49900.0
2776,2010-11-04,49300.0
2777,2010-11-05,47500.0
2778,2010-11-08,48650.0
2779,2010-11-09,48550.0
2780,2010-11-10,49950.0
2781,2010-11-11,50700.0
2782,2010-11-12,51300.0
2783,2010-11-15,49800.0
2784,2010-11-16,50000.0
2785,2010-11-17,50000.0
2786,2010-11-18,50700.0
2787,2010-11-19,51800.0
2788,2010-11-22,50600.0
2789,2010-11-23,49800.0
2790,2010-11-24,49600.0
2791,2010-11-25,49250.0
2792,2010-11-26,47550.0
2793,2010-11-29,47900.0
2794,2010-11-30,48950.0
2795,2010-12-01,50500.0
2796,2010-12-02,51400.0
2797,2010-12-03,51700.0
2798,2010-12-06,51200.0
2799,2010-12-07,51600.0
2800,2010-12-08,51900.0
2801,2010-12-09,52300.0
2802,2010-12-10,51100.0
2803,2010-12-13,50600.0
2804,2010-12-14,51300.0
2805,2010-12-15,51600.0
2806,2010-12-16,50700.0
2807,2010-12-17,50300.0
2808,2010-12-20,50300.0
2809,2010-12-21,49850.0
2810,2010-12-22,52100.0
2811,2010-12-23,52100.0
2812,2010-12-24,51800.0
2813,2010-12-27,50000.0
2814,2010-12-28,49900.0
2815,2010-12-29,51300.0
2816,2010-12-30,50600.0
